session_label,year,gp,session_type,driver,best_lap_time_s,delta_to_session_best,n_laps,throttle_mean,throttle_pct_full,throttle_pct_off,brake_pct,brake_presses,rpm_mean,rpm_max,gear_mean,gear_changes,throttle_application_rate,quali_position,race_position,race_podium,dnf,podium
2026_Australian_Grand_Prix_Qualifying,2026,Australian Grand Prix,Qualifying,RUS,78.518,0.0,14,74.1844886606795,62.43386243386243,15.520282186948853,12.522045855379188,5,10881.992723759835,12166.0,5.666666666666667,32,1.4681978798586572,1,1,1,0,1
2026_Australian_Grand_Prix_Qualifying,2026,Australian Grand Prix,Qualifying,ANT,78.811,0.29300000000000637,11,74.36800159847952,61.44144144144145,12.612612612612612,13.333333333333334,8,10899.213360314254,12132.0,5.735135135135135,35,1.5126353790613718,2,2,1,0,1
2026_Australian_Grand_Prix_Qualifying,2026,Australian Grand Prix,Qualifying,HAD,79.303,0.7849999999999966,11,74.03565556939999,62.52158894645942,15.716753022452504,11.57167530224525,6,10799.143163263458,12326.0,6.122625215889465,41,1.434256055363322,3,20,0,1,0
2026_Australian_Grand_Prix_Qualifying,2026,Australian Grand Prix,Qualifying,LEC,79.327,0.8089999999999975,16,76.43919839787445,63.32179930795848,10.380622837370241,10.55363321799308,7,10835.152864018713,12300.0,5.92560553633218,35,1.3310225303292895,4,3,1,0,1
2026_Australian_Grand_Prix_Qualifying,2026,Australian Grand Prix,Qualifying,PIA,79.38,0.8619999999999948,16,73.93437849391866,56.22837370242214,13.84083044982699,10.207612456747404,6,10884.604061538199,12458.0,6.271626297577854,35,1.3604852686308493,5,21,0,1,0
2026_Australian_Grand_Prix_Qualifying,2026,Australian Grand Prix,Qualifying,NOR,79.475,0.9569999999999936,18,71.8644432292606,59.896729776247845,16.179001721170398,11.015490533562824,5,10817.982589475338,12731.0,6.282271944922547,34,1.6137931034482758,6,5,0,0,0
2026_Australian_Grand_Prix_Qualifying,2026,Australian Grand Prix,Qualifying,HAM,79.478,0.9599999999999937,18,75.74801156227558,60.273972602739725,13.184931506849315,11.301369863013697,7,10958.850000021415,12344.0,5.835616438356165,36,1.41852487135506,7,4,0,0,0
2026_Australian_Grand_Prix_Qualifying,2026,Australian Grand Prix,Qualifying,LIN,79.971,1.453000000000003,17,78.19311961420698,65.06622516556291,11.42384105960265,11.42384105960265,6,10962.27448146671,12245.0,5.821192052980132,31,1.296849087893864,8,8,0,0,0
2026_Australian_Grand_Prix_Qualifying,2026,Australian Grand Prix,Qualifying,LAW,79.994,1.475999999999999,16,76.19799328323224,62.11072664359861,15.22491349480969,14.53287197231834,7,11086.126397223541,12497.0,5.717993079584775,31,1.48526863084922,9,13,0,0,0
2026_Australian_Grand_Prix_Qualifying,2026,Australian Grand Prix,Qualifying,BOR,80.221,1.703000000000003,12,78.45554377720114,62.02321724709784,11.940298507462686,12.106135986733001,6,10750.792842419953,12433.0,5.5688225538971805,33,1.388704318936877,10,9,0,0,0
2026_Australian_Grand_Prix_Qualifying,2026,Australian Grand Prix,Qualifying,HUL,80.303,1.7849999999999966,13,78.96152734220097,64.39267886855241,11.148086522462561,13.311148086522461,7,10602.005491605323,12170.0,5.580698835274543,30,1.33,11,22,0,1,0
2026_Australian_Grand_Prix_Qualifying,2026,Australian Grand Prix,Qualifying,BEA,80.311,1.7930000000000064,13,75.68981438447301,62.23316912972086,15.10673234811166,11.658456486042693,6,10992.262804891756,12188.0,5.729064039408867,35,1.2713815789473684,12,7,0,0,0
2026_Australian_Grand_Prix_Qualifying,2026,Australian Grand Prix,Qualifying,OCO,80.491,1.972999999999999,12,75.00240819009767,61.274509803921575,13.88888888888889,14.215686274509803,9,10782.982375251358,12285.0,5.782679738562091,36,1.2831423895253682,13,11,0,0,0
2026_Australian_Grand_Prix_Qualifying,2026,Australian Grand Prix,Qualifying,GAS,80.501,1.983000000000004,14,73.94824937001289,61.65289256198348,14.545454545454545,14.214876033057852,10,10947.335129675272,12596.0,5.55702479338843,29,1.7102649006622517,14,10,0,0,0
2026_Australian_Grand_Prix_Qualifying,2026,Australian Grand Prix,Qualifying,ALB,80.941,2.423000000000002,13,70.77810670501046,52.700490998363335,19.476268412438625,13.420621931260229,7,10788.763365673005,12290.0,5.571194762684124,34,1.4032786885245903,15,12,0,0,0
2026_Australian_Grand_Prix_Qualifying,2026,Australian Grand Prix,Qualifying,COL,81.2,2.682000000000002,14,73.47331635690085,59.77742448330684,15.580286168521463,13.990461049284578,7,10866.566143737162,12348.0,5.548489666136725,38,1.3105095541401275,16,14,0,0,0
2026_Australian_Grand_Prix_Qualifying,2026,Australian Grand Prix,Qualifying,ALO,81.969,3.4509999999999934,8,75.2025396582633,64.19354838709678,14.677419354838708,12.096774193548388,7,10516.4902985461,11969.0,5.509677419354839,38,1.4733441033925687,17,18,0,1,0
2026_Australian_Grand_Prix_Qualifying,2026,Australian Grand Prix,Qualifying,PER,82.605,4.087000000000003,4,72.70979645205912,59.55766192733017,11.058451816745656,12.480252764612953,7,10560.785771062125,12225.0,5.679304897314376,28,1.4794303797468353,18,16,0,0,0
2026_Australian_Grand_Prix_Qualifying,2026,Australian Grand Prix,Qualifying,BOT,83.244,4.725999999999999,5,75.5079559444359,60.62499999999999,13.593749999999998,11.40625,7,10560.952415400221,11953.0,5.7078125,33,1.3959311424100156,19,19,0,1,0
2026_Australian_Grand_Prix_Qualifying,2026,Australian Grand Prix,Qualifying,VER,102.025,23.507000000000005,1,52.36975254039159,25.925925925925924,18.106995884773664,15.912208504801098,6,10569.685595514531,12465.0,4.502057613168724,51,1.1332417582417582,20,6,0,0,0
2026_Barcelona_Grand_Prix_Qualifying,2026,Barcelona Grand Prix,Qualifying,RUS,74.679,0.0,9,72.66960076323073,59.82142857142857,17.5,13.392857142857142,7,10843.317048166711,12583.0,5.392857142857143,33,1.3559928443649374,1,2,1,0,1
2026_Barcelona_Grand_Prix_Qualifying,2026,Barcelona Grand Prix,Qualifying,HAM,74.743,0.06399999999999295,8,74.42092595582359,54.86725663716814,10.265486725663717,13.097345132743362,6,10763.58212775817,12490.0,5.647787610619469,31,1.3581560283687943,2,1,1,0,1
2026_Barcelona_Grand_Prix_Qualifying,2026,Barcelona Grand Prix,Qualifying,ANT,74.998,0.3190000000000026,9,71.93972877847256,55.296229802513466,15.439856373429084,14.721723518850988,6,10943.271465752074,13098.0,5.204667863554757,32,1.3507194244604317,3,16,0,1,0
2026_Barcelona_Grand_Prix_Qualifying,2026,Barcelona Grand Prix,Qualifying,NOR,75.001,0.32200000000000273,7,67.45385621009507,50.0,18.613138686131386,14.5985401459854,6,10925.485825989304,12426.0,5.762773722627737,37,1.4972577696526508,4,3,1,0,1
2026_Barcelona_Grand_Prix_Qualifying,2026,Barcelona Grand Prix,Qualifying,VER,75.021,0.34199999999999875,6,66.07820534168034,50.80789946140036,18.13285457809695,14.542190305206462,7,10833.866602327947,12193.0,5.481149012567325,34,1.606115107913669,5,4,0,0,0
2026_Barcelona_Grand_Prix_Qualifying,2026,Barcelona Grand Prix,Qualifying,HAD,75.077,0.39799999999999613,7,68.52579151810808,53.108348134991125,18.29484902309059,16.518650088809945,6,10929.811224265468,12276.0,5.5452930728241565,34,1.398576512455516,6,6,0,0,0
2026_Barcelona_Grand_Prix_Qualifying,2026,Barcelona Grand Prix,Qualifying,PIA,75.09,0.41100000000000136,8,67.45712477701215,47.246891651865006,17.761989342806395,17.406749555950267,6,10948.704565664302,12373.0,5.754884547069271,36,1.4501779359430604,7,5,0,0,0
2026_Barcelona_Grand_Prix_Qualifying,2026,Barcelona Grand Prix,Qualifying,LEC,75.281,0.6020000000000039,4,71.77735088891893,53.51351351351351,13.153153153153152,13.513513513513514,7,10772.064162700572,12452.0,5.461261261261261,28,1.2707581227436824,8,15,0,1,0
2026_Barcelona_Grand_Prix_Qualifying,2026,Barcelona Grand Prix,Qualifying,LAW,75.585,0.9059999999999917,7,69.42735636357564,46.748681898066785,19.85940246045694,15.465729349736378,7,10900.812088582745,12221.0,5.413005272407733,32,1.3714788732394365,9,8,0,0,0
2026_Barcelona_Grand_Prix_Qualifying,2026,Barcelona Grand Prix,Qualifying,HUL,75.768,1.0889999999999986,9,73.3045573849128,50.796460176991154,14.513274336283185,16.10619469026549,7,10786.853535876298,12680.0,5.157522123893806,32,1.4060283687943262,10,20,0,1,0
2026_Barcelona_Grand_Prix_Qualifying,2026,Barcelona Grand Prix,Qualifying,LIN,75.84,1.1610000000000014,5,69.39426486037935,49.09747292418773,18.4115523465704,17.14801444043321,6,10776.176032577388,12690.0,5.48014440433213,31,1.3924050632911393,11,9,0,0,0
2026_Barcelona_Grand_Prix_Qualifying,2026,Barcelona Grand Prix,Qualifying,BOR,76.001,1.3220000000000027,5,71.79342050649778,52.7972027972028,17.657342657342657,16.60839160839161,6,10582.871072144206,12271.0,5.2272727272727275,29,1.3485113835376532,12,11,0,0,0
2026_Barcelona_Grand_Prix_Qualifying,2026,Barcelona Grand Prix,Qualifying,COL,76.191,1.5120000000000005,8,71.6144446693246,49.56369982547993,15.357766143106458,16.05584642233857,6,10884.360417967977,12523.0,5.265270506108203,36,1.3548951048951048,13,10,0,0,0
2026_Barcelona_Grand_Prix_Qualifying,2026,Barcelona Grand Prix,Qualifying,GAS,76.261,1.5819999999999936,8,71.85862494511333,52.10526315789473,18.070175438596493,14.736842105263156,6,10945.982413063064,12300.0,5.110526315789474,38,1.4340949033391917,14,7,0,0,0
2026_Barcelona_Grand_Prix_Qualifying,2026,Barcelona Grand Prix,Qualifying,BEA,76.389,1.7099999999999937,10,72.75349533538065,48.6254295532646,13.745704467353953,16.49484536082474,8,10845.5186842956,12104.0,5.364261168384879,39,1.3012048192771084,15,17,0,1,0
2026_Barcelona_Grand_Prix_Qualifying,2026,Barcelona Grand Prix,Qualifying,SAI,76.881,2.201999999999998,10,71.93839573955051,48.376068376068375,14.529914529914532,17.435897435897434,8,10798.653459057974,12227.0,5.196581196581197,33,1.3339041095890412,16,12,0,0,0
2026_Barcelona_Grand_Prix_Qualifying,2026,Barcelona Grand Prix,Qualifying,OCO,77.073,2.3939999999999912,6,70.50115538415581,49.48805460750853,15.699658703071673,22.013651877133107,11,10807.810217956398,12118.0,5.293515358361775,42,1.3487179487179488,17,13,0,0,0
2026_Barcelona_Grand_Prix_Qualifying,2026,Barcelona Grand Prix,Qualifying,ALB,77.424,2.7450000000000045,5,69.69868580992137,43.40277777777778,17.53472222222222,19.09722222222222,7,10844.812932101258,12539.0,5.105902777777778,33,1.3408695652173912,18,18,0,0,0
2026_Barcelona_Grand_Prix_Qualifying,2026,Barcelona Grand Prix,Qualifying,PER,77.545,2.8659999999999997,4,66.78395115026427,51.19047619047619,16.156462585034014,18.877551020408163,6,10951.610851613683,12432.0,5.08843537414966,45,1.5604770017035776,19,14,0,0,0
2026_Barcelona_Grand_Prix_Qualifying,2026,Barcelona Grand Prix,Qualifying,BOT,77.757,3.078000000000003,6,70.80946560906678,50.505050505050505,17.17171717171717,17.003367003367003,9,10445.57711675188,12049.0,5.447811447811448,28,1.4249578414839799,20,21,0,1,0
2026_Barcelona_Grand_Prix_Qualifying,2026,Barcelona Grand Prix,Qualifying,STR,78.758,4.0789999999999935,5,70.79616614032719,52.60504201680673,16.134453781512605,14.6218487394958,9,10557.235074659566,11862.0,4.944537815126051,35,1.4848484848484849,21,22,0,1,0
2026_Barcelona_Grand_Prix_Qualifying,2026,Barcelona Grand Prix,Qualifying,ALO,78.815,4.135999999999996,5,69.54138970404217,53.91014975041597,18.302828618968388,16.306156405990016,7,10586.779065441406,12048.0,4.950083194675541,40,1.435,22,19,0,1,0
2026_Canadian_Grand_Prix_Qualifying,2026,Canadian Grand Prix,Qualifying,RUS,72.578,0.0,19,69.7473766693329,58.333333333333336,19.858156028368796,19.680851063829788,6,10717.70364581918,12524.0,4.99645390070922,45,1.1492007104795736,1,19,0,1,0
2026_Canadian_Grand_Prix_Qualifying,2026,Canadian Grand Prix,Qualifying,ANT,72.646,0.06799999999999784,20,69.81093609847234,59.001782531194294,16.755793226381464,19.429590017825312,8,10737.536943627947,12412.0,5.017825311942959,45,1.144642857142857,2,1,1,0,1
2026_Canadian_Grand_Prix_Qualifying,2026,Canadian Grand Prix,Qualifying,NOR,72.729,0.15099999999999625,22,68.19176038180333,57.35567970204841,21.042830540037244,18.24953445065177,7,10934.293987589574,12542.0,5.562383612662942,47,1.2705223880597014,3,18,0,1,0
2026_Canadian_Grand_Prix_Qualifying,2026,Canadian Grand Prix,Qualifying,PIA,72.781,0.20300000000000296,23,68.22309648087044,57.66550522648084,20.034843205574912,17.59581881533101,9,10840.518710061464,12358.0,5.550522648083624,51,1.1675392670157068,4,11,0,0,0
2026_Canadian_Grand_Prix_Qualifying,2026,Canadian Grand Prix,Qualifying,HAM,72.868,0.28999999999999204,22,73.68203549359417,58.532110091743114,11.192660550458717,17.79816513761468,7,10834.780862073594,12343.0,5.194495412844037,44,1.286764705882353,5,2,1,0,1
2026_Canadian_Grand_Prix_Qualifying,2026,Canadian Grand Prix,Qualifying,VER,72.907,0.3289999999999935,17,69.22045563403304,59.21985815602837,21.27659574468085,19.50354609929078,7,10676.271260970887,12237.0,5.3563829787234045,39,1.3712255772646536,6,3,1,0,1
2026_Canadian_Grand_Prix_Qualifying,2026,Canadian Grand Prix,Qualifying,HAD,72.935,0.3569999999999993,17,66.98904411808577,56.042031523642734,20.140105078809107,18.388791593695274,7,10714.780086298733,12301.0,5.327495621716287,45,1.1140350877192982,7,5,0,0,0
2026_Canadian_Grand_Prix_Qualifying,2026,Canadian Grand Prix,Qualifying,LEC,72.976,0.39799999999999613,24,71.84705842107054,57.62411347517731,7.9787234042553195,20.0354609929078,7,10777.299819783922,12223.0,5.2304964539007095,44,1.2273534635879217,8,4,0,0,0
2026_Canadian_Grand_Prix_Qualifying,2026,Canadian Grand Prix,Qualifying,LIN,73.28,0.7019999999999982,23,71.29929650621301,58.497316636851515,18.6046511627907,18.425760286225405,7,10776.206762823374,12258.0,5.220035778175313,44,1.168458781362007,9,22,0,1,0
2026_Canadian_Grand_Prix_Qualifying,2026,Canadian Grand Prix,Qualifying,COL,73.697,1.1189999999999998,20,67.87042178375049,54.054054054054056,20.0,20.54054054054054,6,10655.26643943412,12455.0,4.9135135135135135,47,1.1895306859205776,10,6,0,0,0
2026_Canadian_Grand_Prix_Qualifying,2026,Canadian Grand Prix,Qualifying,HUL,73.886,1.3079999999999927,18,71.29657199125636,59.71223021582733,17.985611510791365,20.14388489208633,7,10754.175388549571,12536.0,5.030575539568345,48,1.2684684684684684,11,12,0,0,0
2026_Canadian_Grand_Prix_Qualifying,2026,Canadian Grand Prix,Qualifying,LAW,73.897,1.3190000000000026,17,70.0347097119246,57.809694793536806,21.18491921005386,17.594254937163374,7,10847.448250555577,12545.0,5.1077199281867145,45,1.1115107913669064,12,7,0,0,0
2026_Canadian_Grand_Prix_Qualifying,2026,Canadian Grand Prix,Qualifying,BOR,74.071,1.492999999999995,19,69.75238646670705,26.537785588752193,21.968365553602812,22.671353251318102,7,10662.852946864274,12013.0,4.985940246045694,50,1.2112676056338028,13,13,0,0,0
2026_Canadian_Grand_Prix_Qualifying,2026,Canadian Grand Prix,Qualifying,GAS,74.187,1.6089999999999947,15,69.19129698311204,55.575221238938056,20.707964601769913,19.469026548672566,7,10533.271220597648,12313.0,4.8814159292035395,46,1.326241134751773,14,8,0,0,0
2026_Canadian_Grand_Prix_Qualifying,2026,Canadian Grand Prix,Qualifying,SAI,74.273,1.6949999999999932,17,70.66361741718461,57.09219858156028,15.070921985815602,21.45390070921986,8,10475.815167461782,11885.0,5.124113475177305,46,1.2078152753108349,15,9,0,0,0
2026_Canadian_Grand_Prix_Qualifying,2026,Canadian Grand Prix,Qualifying,BEA,74.416,1.8379999999999939,17,69.48305493131392,54.937163375224415,19.569120287253142,19.748653500897667,7,10727.47057902715,12222.0,5.057450628366248,49,1.1798561151079137,16,10,0,0,0
2026_Canadian_Grand_Prix_Qualifying,2026,Canadian Grand Prix,Qualifying,OCO,74.845,2.266999999999996,10,69.63432797911064,53.068592057761734,19.314079422382672,21.660649819494584,7,10591.295203962027,12059.0,5.052346570397112,48,1.2459312839059675,17,14,0,0,0
2026_Canadian_Grand_Prix_Qualifying,2026,Canadian Grand Prix,Qualifying,ALB,74.851,2.272999999999996,11,68.64664476433495,54.174067495559505,22.380106571936057,20.959147424511546,7,10421.820272259318,12130.0,4.982238010657194,45,1.1227758007117439,18,21,0,1,0
2026_Canadian_Grand_Prix_Qualifying,2026,Canadian Grand Prix,Qualifying,ALO,75.196,2.617999999999995,9,68.09752045062648,56.35062611806798,21.288014311270125,19.67799642218247,6,10490.782532778598,12042.0,4.7710196779964225,48,1.2741935483870968,19,20,0,1,0
2026_Canadian_Grand_Prix_Qualifying,2026,Canadian Grand Prix,Qualifying,PER,75.429,2.850999999999999,9,70.82293482550337,57.57575757575758,13.368983957219251,14.795008912655971,7,10560.742090947033,12345.0,5.076648841354723,41,1.1946428571428571,20,17,0,1,0
2026_Canadian_Grand_Prix_Qualifying,2026,Canadian Grand Prix,Qualifying,STR,76.195,3.6169999999999902,8,69.13704094948227,56.73758865248227,17.02127659574468,18.97163120567376,8,10357.18049280177,11857.0,4.709219858156028,48,1.2007104795737122,21,15,0,0,0
2026_Canadian_Grand_Prix_Qualifying,2026,Canadian Grand Prix,Qualifying,BOT,76.272,3.6940000000000026,8,66.45064680334622,52.991452991452995,22.905982905982906,20.34188034188034,7,10122.718391878065,12103.0,5.145299145299146,39,1.1763698630136987,22,16,0,0,0
2026_Chinese_Grand_Prix_Qualifying,2026,Chinese Grand Prix,Qualifying,ANT,92.064,0.0,10,66.67925967881983,54.879773691654876,19.943422913719942,22.48939179632249,10,10527.081474712288,12264.0,4.975954738330976,53,1.3895184135977336,1,1,1,0,1
2026_Chinese_Grand_Prix_Qualifying,2026,Chinese Grand Prix,Qualifying,RUS,92.286,0.2220000000000084,8,68.21393197461177,55.00705218617772,17.066290550070523,17.912552891396334,9,10352.171975236337,12581.0,5.117066290550071,45,1.4364406779661016,2,2,1,0,1
2026_Chinese_Grand_Prix_Qualifying,2026,Chinese Grand Prix,Qualifying,HAM,92.415,0.3510000000000133,13,67.2802493131474,52.6241134751773,13.617021276595745,19.858156028368796,9,10566.04952087769,12208.0,5.24113475177305,47,1.1595916190909092,3,3,1,0,1
2026_Chinese_Grand_Prix_Qualifying,2026,Chinese Grand Prix,Qualifying,LEC,92.428,0.3640000000000043,14,69.59280449611437,54.23728813559322,8.615819209039548,17.937853107344633,14,10673.544345087883,12462.0,5.063559322033898,55,1.157001414427157,4,4,0,0,0
2026_Chinese_Grand_Prix_Qualifying,2026,Chinese Grand Prix,Qualifying,PIA,92.55,0.4860000000000042,14,62.18398674950342,46.86609686609687,23.646723646723647,18.945868945868945,9,10803.97101449692,12588.0,5.417378917378917,50,1.1469329529243937,5,19,0,1,0
2026_Chinese_Grand_Prix_Qualifying,2026,Chinese Grand Prix,Qualifying,NOR,92.608,0.5440000000000111,14,63.76121222900561,52.899575671852894,22.206506364922205,16.407355021216407,11,10807.516843489399,12551.0,5.30975954738331,50,1.1558073654390935,6,20,0,1,0
2026_Chinese_Grand_Prix_Qualifying,2026,Chinese Grand Prix,Qualifying,GAS,92.873,0.8090000000000117,15,66.18580017246119,51.77304964539007,19.574468085106382,21.134751773049647,10,10676.42930795077,13033.0,4.808510638297872,55,1.4602678571428571,7,6,0,0,0
2026_Chinese_Grand_Prix_Qualifying,2026,Chinese Grand Prix,Qualifying,VER,93.002,0.9380000000000024,14,66.56088347503044,56.32022471910112,20.365168539325843,27.808988764044944,14,10568.920436230363,12729.0,4.919943820224719,45,1.4486638537271448,8,16,0,1,0
2026_Chinese_Grand_Prix_Qualifying,2026,Chinese Grand Prix,Qualifying,HAD,93.121,1.0570000000000022,14,62.137626515341154,50.77574047954866,24.400564174894217,16.643159379407617,10,10686.958271603482,12257.0,5.126939351198872,51,1.21045197740113,9,8,0,0,0
2026_Chinese_Grand_Prix_Qualifying,2026,Chinese Grand Prix,Qualifying,BEA,93.197,1.1330000000000098,13,68.88499012198474,53.54107648725213,12.747875354107649,23.08781869688385,12,10689.499362952078,12263.0,4.9390934844192635,46,1.1134751773049645,10,5,0,0,0
2026_Chinese_Grand_Prix_Qualifying,2026,Chinese Grand Prix,Qualifying,HUL,93.354,1.2900000000000063,9,72.97980492043831,59.44444444444444,16.52777777777778,24.583333333333332,12,10748.438255622304,12666.0,4.748611111111111,47,1.3073713490959666,11,11,0,0,0
2026_Chinese_Grand_Prix_Qualifying,2026,Chinese Grand Prix,Qualifying,COL,93.357,1.2930000000000064,11,67.16988453256177,47.559274755927476,17.85216178521618,20.781032078103205,10,10650.54529128354,12248.0,4.783821478382148,55,1.3966480446927374,12,10,0,0,0
2026_Chinese_Grand_Prix_Qualifying,2026,Chinese Grand Prix,Qualifying,OCO,93.538,1.4740000000000038,10,65.09072507044583,47.6123595505618,15.308988764044946,20.50561797752809,11,10549.852311548411,12185.0,4.964887640449438,49,1.230661040787623,13,14,0,0,0
2026_Chinese_Grand_Prix_Qualifying,2026,Chinese Grand Prix,Qualifying,BOR,93.549,1.4850000000000136,10,70.99814038110365,52.42718446601942,17.05963938973648,28.71012482662968,14,10631.70669647385,12289.0,4.728155339805825,46,1.2708333333333333,14,21,0,1,0
2026_Chinese_Grand_Prix_Qualifying,2026,Chinese Grand Prix,Qualifying,LAW,93.765,1.7010000000000076,11,65.98312871256637,48.59550561797753,23.03370786516854,25.702247191011235,12,10789.84835627041,12486.0,4.908707865168539,47,1.2475386779184248,15,7,0,0,0
2026_Chinese_Grand_Prix_Qualifying,2026,Chinese Grand Prix,Qualifying,LIN,93.784,1.720000000000013,11,67.77432917188837,48.11188811188811,13.286713286713287,24.335664335664337,10,10657.909943666413,12630.0,5.037762237762238,50,1.2282913165266107,16,12,0,0,0
2026_Chinese_Grand_Prix_Qualifying,2026,Chinese Grand Prix,Qualifying,SAI,94.317,2.253,8,68.2724975957167,52.73492286115007,17.11079943899018,26.227208976157083,11,10683.508513799226,12333.0,4.8218793828892,57,1.2640449438202248,17,9,0,0,0
2026_Chinese_Grand_Prix_Qualifying,2026,Chinese Grand Prix,Qualifying,ALB,94.772,2.7080000000000126,9,67.74634903355779,52.48933143669986,19.34566145092461,21.052631578947366,10,10684.16315555828,12363.0,4.833570412517781,47,1.1951566951566952,18,22,0,1,0
2026_Chinese_Grand_Prix_Qualifying,2026,Chinese Grand Prix,Qualifying,ALO,95.203,3.13900000000001,7,63.5871844336052,50.413223140495866,23.27823691460055,18.59504132231405,13,10226.080100636642,11792.0,4.869146005509642,49,1.1627586206896552,19,17,0,1,0
2026_Chinese_Grand_Prix_Qualifying,2026,Chinese Grand Prix,Qualifying,BOT,95.436,3.372000000000014,6,65.52838207387495,50.1358695652174,20.92391304347826,24.86413043478261,13,10387.959752932842,11911.0,4.836956521739131,41,1.2190476190476192,20,13,0,0,0
2026_Chinese_Grand_Prix_Qualifying,2026,Chinese Grand Prix,Qualifying,STR,95.995,3.9310000000000116,7,66.43735586096912,54.657534246575345,19.315068493150687,19.589041095890412,9,10365.630810192743,12455.0,4.675342465753425,50,1.045267489711934,21,18,0,1,0
2026_Chinese_Grand_Prix_Qualifying,2026,Chinese Grand Prix,Qualifying,PER,96.906,4.842000000000013,4,67.89069385024952,53.279785809906286,12.985274431057563,29.049531459170012,14,10470.530280186358,12441.0,4.615796519410977,46,1.2265415549597856,22,15,0,0,0
2026_Japanese_Grand_Prix_Qualifying,2026,Japanese Grand Prix,Qualifying,ANT,88.778,0.0,10,79.34720126063891,65.5425219941349,6.158357771260997,41.49560117302053,10,11076.13699900776,12682.0,5.023460410557185,32,1.105726872246696,1,1,1,0,1
2026_Japanese_Grand_Prix_Qualifying,2026,Japanese Grand Prix,Qualifying,RUS,89.076,0.2979999999999876,15,73.91231242501057,62.48175182481752,15.036496350364963,14.744525547445257,9,10713.876879562373,12665.0,5.643795620437956,44,1.2236842105263157,2,4,0,0,0
2026_Japanese_Grand_Prix_Qualifying,2026,Japanese Grand Prix,Qualifying,PIA,89.132,0.3539999999999992,14,67.95785935960147,56.66178623718887,18.301610541727673,12.005856515373353,9,10958.83502902033,12695.0,6.086383601756955,42,1.156891495601173,3,2,1,0,1
2026_Japanese_Grand_Prix_Qualifying,2026,Japanese Grand Prix,Qualifying,LEC,89.303,0.5249999999999915,12,75.26269871357268,58.45921450151057,8.157099697885197,12.537764350453173,7,10903.099894271378,12370.0,5.711480362537764,41,1.1497730711043872,4,3,1,0,1
2026_Japanese_Grand_Prix_Qualifying,2026,Japanese Grand Prix,Qualifying,NOR,89.409,0.6310000000000002,14,70.19741794020723,57.971014492753625,16.666666666666664,9.420289855072465,6,11012.172832438197,12487.0,6.0,41,1.2002902757619738,5,5,0,0,0
2026_Japanese_Grand_Prix_Qualifying,2026,Japanese Grand Prix,Qualifying,HAM,89.567,0.7889999999999873,15,75.67589201841214,59.851851851851855,10.814814814814815,9.037037037037036,7,10852.38772327335,12370.0,5.736296296296296,36,1.1869436201780414,6,6,0,0,0
2026_Japanese_Grand_Prix_Qualifying,2026,Japanese Grand Prix,Qualifying,GAS,89.691,0.9129999999999967,12,70.56345727943348,53.51906158357771,16.568914956011728,19.794721407624632,11,10709.12695147651,12009.0,5.529325513196481,42,1.395007342143906,7,7,0,0,0
2026_Japanese_Grand_Prix_Qualifying,2026,Japanese Grand Prix,Qualifying,HAD,89.978,1.1999999999999886,11,67.83576753423553,51.39911634756995,17.525773195876287,13.402061855670103,8,10941.946163264274,12404.0,5.733431516936672,39,1.3893805309734513,8,12,0,0,0
2026_Japanese_Grand_Prix_Qualifying,2026,Japanese Grand Prix,Qualifying,BOR,89.99,1.211999999999989,14,80.5982284871951,63.884892086330936,10.071942446043165,35.68345323741007,8,10706.182973892339,12357.0,5.512230215827338,36,1.2046109510086456,9,13,0,0,0
2026_Japanese_Grand_Prix_Qualifying,2026,Japanese Grand Prix,Qualifying,LIN,90.109,1.3309999999999889,15,74.1839127302068,56.99999999999999,15.285714285714286,30.571428571428573,11,10886.99358002969,12530.0,5.605714285714286,35,1.4034334763948497,10,14,0,0,0
2026_Japanese_Grand_Prix_Qualifying,2026,Japanese Grand Prix,Qualifying,VER,90.262,1.4839999999999947,8,70.80106434073585,59.65665236051502,16.02288984263233,13.161659513590845,12,10883.607773679467,12132.0,5.736766809728183,41,1.4269340974212035,11,8,0,0,0
2026_Japanese_Grand_Prix_Qualifying,2026,Japanese Grand Prix,Qualifying,OCO,90.309,1.5309999999999917,11,85.06382694192241,69.0,4.142857142857142,30.428571428571427,15,10815.247826087925,12272.0,5.988571428571428,34,1.2660944206008584,12,10,0,0,0
2026_Japanese_Grand_Prix_Qualifying,2026,Japanese Grand Prix,Qualifying,HUL,90.358,1.5799999999999983,10,79.2043621590262,62.17765042979943,10.315186246418339,37.67908309455588,13,10721.2232652021,12370.0,5.124641833810888,37,1.423242467718795,13,11,0,0,0
2026_Japanese_Grand_Prix_Qualifying,2026,Japanese Grand Prix,Qualifying,LAW,90.495,1.7169999999999987,11,76.60041118122035,60.3988603988604,13.105413105413104,18.091168091168093,8,11028.012273378785,12663.0,5.7749287749287745,35,1.1426533523537803,14,9,0,0,0
2026_Japanese_Grand_Prix_Qualifying,2026,Japanese Grand Prix,Qualifying,COL,90.627,1.8489999999999895,8,84.51854654977292,66.71428571428571,6.714285714285714,39.57142857142858,10,10748.442875182838,12149.0,5.8185714285714285,37,0.9756795422031473,15,16,0,0,0
2026_Japanese_Grand_Prix_Qualifying,2026,Japanese Grand Prix,Qualifying,SAI,90.927,2.149000000000001,11,72.66389657923845,56.01719197707736,16.189111747851005,27.650429799426934,14,10454.533683162537,11778.0,5.663323782234957,43,1.4921090387374463,16,15,0,0,0
2026_Japanese_Grand_Prix_Qualifying,2026,Japanese Grand Prix,Qualifying,ALB,91.088,2.309999999999988,7,75.36123526401761,57.65895953757225,13.005780346820808,31.79190751445087,12,10680.228928325343,12136.0,5.621387283236994,41,1.460202604920405,17,20,0,0,0
2026_Japanese_Grand_Prix_Qualifying,2026,Japanese Grand Prix,Qualifying,BEA,91.09,2.3119999999999976,7,77.54987476613633,57.61973875181422,8.127721335268506,15.674891146589259,12,10796.898343162235,12028.0,5.596516690856314,41,1.379360465116279,18,22,0,1,0
2026_Japanese_Grand_Prix_Qualifying,2026,Japanese Grand Prix,Qualifying,PER,92.206,3.4279999999999973,4,71.89639684836983,57.9172610556348,11.554921540656206,13.40941512125535,11,10585.612263119412,12028.0,5.669044222539229,41,1.7185714285714286,19,17,0,0,0
2026_Japanese_Grand_Prix_Qualifying,2026,Japanese Grand Prix,Qualifying,BOT,92.33,3.5519999999999925,6,71.34703761788846,52.22381635581061,16.49928263988522,18.938307030129124,14,10551.008710038128,12348.0,5.5710186513629845,39,1.5,20,19,0,0,0
2026_Japanese_Grand_Prix_Qualifying,2026,Japanese Grand Prix,Qualifying,ALO,92.646,3.867999999999995,6,72.85028365742454,58.47457627118644,17.09039548022599,13.841807909604519,12,10390.673054148516,11917.0,5.426553672316384,48,1.4568599717114568,21,18,0,0,0
2026_Japanese_Grand_Prix_Qualifying,2026,Japanese Grand Prix,Qualifying,STR,92.92,4.141999999999996,6,73.57407543845174,61.73541963015647,13.229018492176387,18.349928876244665,13,10460.393734862864,12103.0,5.344238975817923,40,1.7008547008547008,22,21,0,1,0
2026_Miami_Grand_Prix_Qualifying,2026,Miami Grand Prix,Qualifying,ANT,87.798,0.0,10,66.18240343225301,52.26209048361935,16.848673946957877,17.628705148205928,8,10477.557748818697,12439.0,5.266770670826833,36,1.2546875,1,1,1,0,1
2026_Miami_Grand_Prix_Qualifying,2026,Miami Grand Prix,Qualifying,VER,87.964,0.16599999999999682,9,66.95837197163326,57.6271186440678,19.568567026194145,15.562403697996919,8,10772.06112274411,12638.0,5.325115562403698,40,1.308641975308642,2,5,0,0,0
2026_Miami_Grand_Prix_Qualifying,2026,Miami Grand Prix,Qualifying,LEC,88.143,0.34499999999999886,14,71.46369528645,57.86259541984733,14.80916030534351,15.419847328244273,7,10663.886118807888,12264.0,5.378625954198474,41,1.107033639143731,3,8,0,0,0
2026_Miami_Grand_Prix_Qualifying,2026,Miami Grand Prix,Qualifying,NOR,88.183,0.3850000000000051,13,64.09237339755693,50.764525993883794,19.418960244648318,15.443425076452598,7,11024.511051854224,12528.0,5.457186544342508,37,1.215926493108729,4,2,1,0,1
2026_Miami_Grand_Prix_Qualifying,2026,Miami Grand Prix,Qualifying,RUS,88.197,0.3990000000000009,11,63.77133124410868,51.6380655226209,22.308892355694226,18.564742589703588,8,10495.64128169033,12424.0,5.146645865834634,40,1.2625,5,4,0,0,0
2026_Miami_Grand_Prix_Qualifying,2026,Miami Grand Prix,Qualifying,HAM,88.319,0.5210000000000008,14,70.76778172566004,56.547619047619044,13.690476190476192,16.517857142857142,7,10684.939717564757,12598.0,5.306547619047619,40,1.180327868852459,6,6,0,0,0
2026_Miami_Grand_Prix_Qualifying,2026,Miami Grand Prix,Qualifying,PIA,88.332,0.5339999999999918,10,62.07043106705839,49.249249249249246,20.72072072072072,15.765765765765765,6,10887.802613306427,12446.0,5.357357357357357,39,1.1428571428571428,7,3,1,0,1
2026_Miami_Grand_Prix_Qualifying,2026,Miami Grand Prix,Qualifying,COL,88.762,0.9639999999999986,12,65.19485596700517,48.1651376146789,20.18348623853211,18.04281345565749,7,10415.841029496893,12143.0,5.204892966360856,40,1.199081163859112,8,7,0,0,0
2026_Miami_Grand_Prix_Qualifying,2026,Miami Grand Prix,Qualifying,HAD,88.789,0.9909999999999997,13,63.85069431792951,50.98934550989346,19.025875190258752,15.981735159817351,8,10827.873521097583,12627.0,5.287671232876712,41,1.1585365853658536,9,22,0,1,0
2026_Miami_Grand_Prix_Qualifying,2026,Miami Grand Prix,Qualifying,GAS,88.81,1.0120000000000005,13,66.24030852069363,50.3725782414307,19.225037257824145,17.58569299552906,9,10516.420121227364,12837.0,5.199701937406855,40,1.153731343283582,10,21,0,1,0
2026_Miami_Grand_Prix_Qualifying,2026,Miami Grand Prix,Qualifying,BEA,89.34,1.5420000000000016,8,67.02538972945776,50.43604651162791,18.313953488372093,17.00581395348837,8,10765.78748167533,12207.0,5.193313953488372,41,1.1994177583697234,11,11,0,0,0
2026_Miami_Grand_Prix_Qualifying,2026,Miami Grand Prix,Qualifying,HUL,89.439,1.6409999999999911,9,68.77167488236175,52.437223042836045,17.872968980797637,16.54357459379616,10,10807.155221512121,12598.0,4.937961595273264,42,1.3772189349112427,12,19,0,1,0
2026_Miami_Grand_Prix_Qualifying,2026,Miami Grand Prix,Qualifying,LAW,89.499,1.7009999999999934,8,67.6261835395941,51.25925925925926,19.25925925925926,16.88888888888889,9,10922.014984152722,12594.0,5.1466666666666665,40,1.2566765578635015,13,20,0,1,0
2026_Miami_Grand_Prix_Qualifying,2026,Miami Grand Prix,Qualifying,SAI,89.54,1.7420000000000044,11,66.19146114001843,50.074515648286145,18.479880774962744,20.268256333830102,11,10546.41123626074,12062.0,4.970193740685544,40,1.3134328358208955,14,9,0,0,0
2026_Miami_Grand_Prix_Qualifying,2026,Miami Grand Prix,Qualifying,ALB,89.72,1.921999999999997,10,64.96136223732849,48.099415204678365,20.029239766081872,20.614035087719298,9,10502.949368820997,12202.0,5.081871345029239,40,1.2210834553440704,15,10,0,0,0
2026_Miami_Grand_Prix_Qualifying,2026,Miami Grand Prix,Qualifying,OCO,89.772,1.9740000000000038,9,66.92165595102256,49.04831625183016,17.569546120058565,19.1800878477306,13,10656.582107330756,12439.0,5.149341142020498,40,1.2140762463343109,16,13,0,0,0
2026_Miami_Grand_Prix_Qualifying,2026,Miami Grand Prix,Qualifying,LIN,90.133,2.3349999999999937,7,67.13887747624815,51.98821796759942,20.3240058910162,19.293078055964656,10,10800.854023815707,12357.0,5.126656848306333,43,1.2035398230088497,17,14,0,0,0
2026_Miami_Grand_Prix_Qualifying,2026,Miami Grand Prix,Qualifying,ALO,91.098,3.299999999999997,5,65.6330928056667,50.64377682403433,22.031473533619454,18.31187410586552,11,10317.419715323322,12415.0,4.962804005722461,47,1.348137535816619,18,15,0,0,0
2026_Miami_Grand_Prix_Qualifying,2026,Miami Grand Prix,Qualifying,STR,91.164,3.3659999999999997,5,67.81673417326766,57.04022988505747,18.96551724137931,19.396551724137932,11,10304.497696974075,12238.0,4.933908045977011,41,1.3496402877697842,19,17,0,0,0
2026_Miami_Grand_Prix_Qualifying,2026,Miami Grand Prix,Qualifying,BOT,91.629,3.831000000000003,5,65.26592615008778,49.28366762177651,19.91404011461318,18.76790830945559,9,10266.390029553731,12081.0,5.199140401146132,36,1.4031563845050214,20,18,0,0,0
2026_Miami_Grand_Prix_Qualifying,2026,Miami Grand Prix,Qualifying,PER,91.967,4.168999999999997,6,62.55017618588919,48.917748917748916,19.19191919191919,21.78932178932179,9,10304.073601537488,12407.0,5.073593073593074,40,1.2919075144508672,21,16,0,0,0
2026_Miami_Grand_Prix_Qualifying,2026,Miami Grand Prix,Qualifying,BOR,93.737,5.938999999999993,1,73.75445531775459,58.61581920903954,15.677966101694915,13.559322033898304,7,10616.309923455792,12635.0,4.7923728813559325,38,1.1414427157001414,22,12,0,0,0
2026_Monaco_Grand_Prix_Qualifying,2026,Monaco Grand Prix,Qualifying,ANT,72.051,0.0,24,52.57446243014155,35.99257884972171,25.788497217068645,27.27272727272727,13,10570.312765650597,13040.0,3.345083487940631,51,2.053903345724907,1,1,1,0,1
2026_Monaco_Grand_Prix_Qualifying,2026,Monaco Grand Prix,Qualifying,VER,72.094,0.042999999999992156,21,49.91589425857106,36.142322097378276,30.52434456928839,21.910112359550563,14,10003.25600129743,12710.0,3.855805243445693,39,2.00750469043152,2,22,0,1,0
2026_Monaco_Grand_Prix_Qualifying,2026,Monaco Grand Prix,Qualifying,HAM,72.279,0.22799999999999443,24,52.617406199443195,35.43599257884972,19.109461966604822,30.983302411873844,12,10167.870539695166,12521.0,3.88682745825603,44,2.053903345724907,3,2,1,0,1
2026_Monaco_Grand_Prix_Qualifying,2026,Monaco Grand Prix,Qualifying,LEC,72.351,0.29999999999999716,25,57.53643863341052,38.74538745387454,12.730627306273062,26.937269372693727,14,10134.864978641044,12620.0,3.8911439114391144,46,2.014787430683919,4,17,0,1,0
2026_Monaco_Grand_Prix_Qualifying,2026,Monaco Grand Prix,Qualifying,HAD,72.434,0.38299999999999557,19,49.03708298390694,35.12014787430684,33.08687615526802,26.98706099815157,12,10156.00895214459,12565.0,3.789279112754159,40,2.022222222222222,5,4,0,0,0
2026_Monaco_Grand_Prix_Qualifying,2026,Monaco Grand Prix,Qualifying,RUS,72.445,0.39399999999999125,24,52.40892033230826,37.19626168224299,31.02803738317757,30.8411214953271,12,10542.666611792605,13098.0,3.377570093457944,50,2.067415730337079,6,12,0,0,0
2026_Monaco_Grand_Prix_Qualifying,2026,Monaco Grand Prix,Qualifying,PIA,72.624,0.5729999999999933,24,49.102992659915465,28.810408921933085,31.784386617100374,25.092936802973973,13,10275.879672417306,12595.0,4.066914498141264,47,1.8823349896130768,7,5,0,0,0
2026_Monaco_Grand_Prix_Qualifying,2026,Monaco Grand Prix,Qualifying,NOR,72.765,0.7139999999999986,24,51.42277894044577,35.17495395948435,27.440147329650095,24.30939226519337,14,10281.793166419631,12734.0,4.033149171270718,44,1.9428044280442804,8,19,0,1,0
2026_Monaco_Grand_Prix_Qualifying,2026,Monaco Grand Prix,Qualifying,GAS,73.226,1.1749999999999972,26,53.12129491495159,37.04379562043796,32.66423357664234,26.277372262773724,12,10552.018197588806,13118.0,3.3284671532846715,49,2.1480804387568555,9,3,1,0,1
2026_Monaco_Grand_Prix_Qualifying,2026,Monaco Grand Prix,Qualifying,LAW,73.412,1.3610000000000042,25,53.00643578184211,35.0,30.37037037037037,30.185185185185187,12,10273.462088583245,13147.0,3.7314814814814814,46,2.1280148423005567,10,6,0,0,0
2026_Monaco_Grand_Prix_Qualifying,2026,Monaco Grand Prix,Qualifying,ALB,73.787,1.7360000000000042,20,53.057452790729485,32.57042253521127,32.3943661971831,29.401408450704224,12,10056.893754219238,12964.0,3.494718309859155,46,1.945326278659612,11,8,0,0,0
2026_Monaco_Grand_Prix_Qualifying,2026,Monaco Grand Prix,Qualifying,SAI,73.815,1.7639999999999958,19,54.30224629642914,35.82887700534759,24.420677361853834,29.590017825311943,13,10148.468067585833,12945.0,3.5329768270944744,43,2.05,12,16,0,1,0
2026_Monaco_Grand_Prix_Qualifying,2026,Monaco Grand Prix,Qualifying,HUL,73.902,1.850999999999999,19,52.143203435170065,32.91814946619217,29.181494661921707,25.26690391459075,17,10346.420294487545,12414.0,3.5284697508896796,45,2.160427807486631,13,13,0,0,0
2026_Monaco_Grand_Prix_Qualifying,2026,Monaco Grand Prix,Qualifying,COL,73.995,1.9440000000000026,19,52.6946115837465,33.756805807622506,28.85662431941924,31.21597096188748,13,10361.495747804922,13437.0,3.4355716878402904,49,2.070909090909091,14,14,0,0,0
2026_Monaco_Grand_Prix_Qualifying,2026,Monaco Grand Prix,Qualifying,LIN,74.248,2.1970000000000027,20,53.88666138287429,36.26373626373626,29.67032967032967,29.304029304029307,12,10062.471312211877,13089.0,3.7252747252747254,45,2.0256880733944955,15,7,0,0,0
2026_Monaco_Grand_Prix_Qualifying,2026,Monaco Grand Prix,Qualifying,BOR,74.683,2.632000000000005,9,52.783160929436235,32.437275985663085,29.92831541218638,30.107526881720432,13,10295.245247606481,12430.0,3.568100358422939,43,1.9820466786355475,16,11,0,0,0
2026_Monaco_Grand_Prix_Qualifying,2026,Monaco Grand Prix,Qualifying,OCO,74.722,2.6709999999999923,12,51.63398988274657,31.05263157894737,26.666666666666668,32.280701754385966,20,9617.186782338846,12173.0,3.8210526315789473,44,2.0439367311072054,17,9,0,0,0
2026_Monaco_Grand_Prix_Qualifying,2026,Monaco Grand Prix,Qualifying,PER,74.747,2.695999999999998,7,52.776866732953856,34.78260869565217,20.652173913043477,25.724637681159418,13,10365.554835007171,12834.0,3.5253623188405796,47,2.117967332123412,18,15,0,0,0
2026_Monaco_Grand_Prix_Qualifying,2026,Monaco Grand Prix,Qualifying,BEA,74.814,2.762999999999991,12,50.64463244252684,31.497418244406195,29.604130808950085,34.42340791738382,15,9864.004999639099,12315.0,3.6987951807228914,50,1.967241379310345,19,20,0,1,0
2026_Monaco_Grand_Prix_Qualifying,2026,Monaco Grand Prix,Qualifying,BOT,75.283,3.2319999999999993,10,50.688905599823315,31.03448275862069,31.724137931034484,27.93103448275862,14,9700.58222364308,12454.0,3.8275862068965516,36,2.006908462867012,20,21,0,1,0
2026_Monaco_Grand_Prix_Qualifying,2026,Monaco Grand Prix,Qualifying,ALO,75.349,3.298000000000002,11,52.023989025877924,36.06837606837607,32.47863247863248,28.717948717948715,14,10155.289739263768,12379.0,3.2666666666666666,49,1.9246575342465753,21,10,0,0,0
2026_Monaco_Grand_Prix_Qualifying,2026,Monaco Grand Prix,Qualifying,STR,76.061,4.010000000000005,9,51.40440904516311,36.915077989601386,25.82322357019064,28.249566724436743,16,9663.106360537966,12265.0,3.363951473136915,37,2.013888888888889,22,18,0,1,0
